[
  {
    "featureType": "poi",
    "stylers": [
      {
        "visibility": "on"
      }
    ]
  },
  {
    "featureType": "poi",
    "elementType": "labels.text",
    "stylers": [
      {
        "visibility": "off"
      }
    ]
  },
  {
    "featureType": "poi.attraction",
    "stylers": [
      {
        "visibility": "on"
      }
    ]
  },
  {
    "featureType": "poi.business",
    "stylers": [
      {
        "visibility": "off"
      }
    ]
  },
  {
    "featureType": "poi.government",
    "stylers": [
      {
        "visibility": "on"
      }
    ]
  },
  {
    "featureType": "poi.medical",
    "stylers": [
      {
        "visibility": "on"
      }
    ]
  },
  {
    "featureType": "poi.park",
    "stylers": [
      {
        "visibility": "on"
      }
    ]
  },
  {
    "featureType": "poi.place_of_worship",
    "stylers": [
      {
        "visibility": "on"
      }
    ]
  },
  {
    "featureType": "poi.school",
    "stylers": [
      {
        "visibility": "on"
      }
    ]
  },
  {
    "featureType": "poi.sports_complex",
    "stylers": [
      {
        "visibility": "on"
      }
    ]
  },
  {
    "featureType": "road",
    "elementType": "labels.icon",
    "stylers": [
      {
        "visibility": "off"
      }
    ]
  },
  {
    "featureType": "road.arterial",
    "stylers": [
      {
        "visibility": "off"
      }
    ]
  },
  {
    "featureType": "road.highway",
    "stylers": [
      {
        "visibility": "off"
      }
    ]
  },
  {
    "featureType": "road.highway.controlled_access",
    "stylers": [
      {
        "visibility": "off"
      }
    ]
  },
  {
    "featureType": "transit",
    "stylers": [
      {
        "visibility": "off"
      }
    ]
  }
]